<?xml version="1.0" encoding="UTF-8"?>
<project-private xmlns="http://www.netbeans.org/ns/project-private/1">
    <editor-bookmarks xmlns="http://www.netbeans.org/ns/editor-bookmarks/2" lastBookmarkId="0"/>
    <open-files xmlns="http://www.netbeans.org/ns/projectui-open-files/2">
        <group>
            <file>file:/D:/FPT/ky%204/PRJ301/codePRJ/WebApplication03_servlet/src/java/controller/BangCuuChuongXn.java</file>
            <file>file:/D:/FPT/ky%204/PRJ301/codePRJ/WebApplication03_servlet/src/java/controller/BangCuuChuong.java</file>
            <file>file:/D:/FPT/ky%204/PRJ301/codePRJ/WebApplication03_servlet/web/BangCuuChuongForm.html</file>
        </group>
    </open-files>
</project-private>
