<?xml version="1.0" encoding="UTF-8"?>
<project-private xmlns="http://www.netbeans.org/ns/project-private/1">
    <editor-bookmarks xmlns="http://www.netbeans.org/ns/editor-bookmarks/2" lastBookmarkId="0"/>
    <open-files xmlns="http://www.netbeans.org/ns/projectui-open-files/2">
        <group>
            <file>file:/D:/FPT/ky%204/PRJ301/codePRJ/WebApplication09/src/java/controller/ProductController.java</file>
            <file>file:/D:/FPT/ky%204/PRJ301/codePRJ/WebApplication09/src/java/model/ProductDAO.java</file>
            <file>file:/D:/FPT/ky%204/PRJ301/codePRJ/WebApplication09/web/welcome.jsp</file>
        </group>
    </open-files>
</project-private>
